movie_url,actor_profile_url,name,role
https://www.rottentomatoes.com/m/joy_ride_2023,www.rottentomatoes.com/celebrity/stephanie_hsu,Stephanie Hsu,Kat
https://www.rottentomatoes.com/m/joy_ride_2023,www.rottentomatoes.com/celebrity/david-denman,David Denman,Joe Sullivan
https://www.rottentomatoes.com/m/joy_ride_2023,www.rottentomatoes.com/celebrity/ashley_park,Ashley Park,Audrey
https://www.rottentomatoes.com/m/joy_ride_2023,www.rottentomatoes.com/celebrity/annie_mumolo,Annie Mumolo,Mary Sullivan
https://www.rottentomatoes.com/m/joy_ride_2023,www.rottentomatoes.com/celebrity/sherry_cola,Sherry Cola,Lolo
https://www.rottentomatoes.com/m/joy_ride_2023,www.rottentomatoes.com/celebrity/desmond_chiam,Desmond Chiam,Clarence
https://www.rottentomatoes.com/m/joy_ride_2023,www.rottentomatoes.com/celebrity/chris_pang_2,Chris Pang,
https://www.rottentomatoes.com/m/joy_ride_2023,www.rottentomatoes.com/celebrity/alexander_hodge,Alexander Hodge,Todd
https://www.rottentomatoes.com/m/joy_ride_2023,www.rottentomatoes.com/celebrity/sabrina_wu,Sabrina Wu,Deadeye
https://www.rottentomatoes.com/m/joy_ride_2023,www.rottentomatoes.com/celebrity/ronny_chieng,Ronny Chieng,
https://www.rottentomatoes.com/m/joy_ride_2023,www.rottentomatoes.com/celebrity/rohain_arora,Rohain Arora,Arvind
https://www.rottentomatoes.com/m/joy_ride_2023,www.rottentomatoes.com/celebrity/adele_lim,Adele Lim,Director
https://www.rottentomatoes.com/m/joy_ride_2023,www.rottentomatoes.com/celebrity/adele_lim,Adele Lim,Screenwriter
https://www.rottentomatoes.com/m/joy_ride_2023,www.rottentomatoes.com/celebrity/cherry_chevapravatdumrong,Cherry Chevapravatdumrong,Screenwriter
https://www.rottentomatoes.com/m/joy_ride_2023,www.rottentomatoes.com/celebrity/teresa_hsiao,Teresa Hsiao,Screenwriter
https://www.rottentomatoes.com/m/joy_ride_2023,www.rottentomatoes.com/celebrity/cherry_chevapravatdumrong,Cherry Chevapravatdumrong,Producer
https://www.rottentomatoes.com/m/joy_ride_2023,www.rottentomatoes.com/celebrity/josh_fagen_2,Josh Fagen,Producer
https://www.rottentomatoes.com/m/joy_ride_2023,www.rottentomatoes.com/celebrity/evan_goldberg,Evan Goldberg,Producer
https://www.rottentomatoes.com/m/joy_ride_2023,www.rottentomatoes.com/celebrity/teresa_hsiao,Teresa Hsiao,Producer
https://www.rottentomatoes.com/m/joy_ride_2023,www.rottentomatoes.com/celebrity/adele_lim,Adele Lim,Producer
https://www.rottentomatoes.com/m/joy_ride_2023,www.rottentomatoes.com/celebrity/sethrogen,Seth Rogen,Producer
https://www.rottentomatoes.com/m/joy_ride_2023,www.rottentomatoes.com/celebrity/james_weaver_2,James Weaver,Producer
https://www.rottentomatoes.com/m/joy_ride_2023,www.rottentomatoes.com/celebrity/dan_clarke,Dan Clarke,Executive Producer
https://www.rottentomatoes.com/m/joy_ride_2023,www.rottentomatoes.com/celebrity/paul_yee,Paul Yee,Cinematographer
https://www.rottentomatoes.com/m/joy_ride_2023,www.rottentomatoes.com/celebrity/nena_hsu_erb,Nena Hsu Erb,Film Editing
https://www.rottentomatoes.com/m/joy_ride_2023,www.rottentomatoes.com/celebrity/nathan_matthew_david,Nathan Matthew David,Original Music
https://www.rottentomatoes.com/m/joy_ride_2023,www.rottentomatoes.com/celebrity/michael_norman_wong,Michael N. Wong,Production Design
https://www.rottentomatoes.com/m/joy_ride_2023,www.rottentomatoes.com/celebrity/john_alvarez,John Alvarez,Art Director
https://www.rottentomatoes.com/m/joy_ride_2023,www.rottentomatoes.com/celebrity/josh_plaw,Josh Plaw,Set Decoration
https://www.rottentomatoes.com/m/joy_ride_2023,www.rottentomatoes.com/celebrity/beverley_huynh,Beverley Huynh,Costume Design
https://www.rottentomatoes.com/m/joy_ride_2023,www.rottentomatoes.com/celebrity/rich_delia,Rich Delia,Casting
https://www.rottentomatoes.com/m/the_meg,www.rottentomatoes.com/celebrity/jason_statham,Jason Statham,Jonas Taylor
https://www.rottentomatoes.com/m/the_meg,www.rottentomatoes.com/celebrity/bingbing_li,Li Bingbing,Suyin
https://www.rottentomatoes.com/m/the_meg,www.rottentomatoes.com/celebrity/rainn_wilson,Rainn Wilson,Morris
https://www.rottentomatoes.com/m/the_meg,www.rottentomatoes.com/celebrity/cliff_curtis,Cliff Curtis,Mac
https://www.rottentomatoes.com/m/the_meg,www.rottentomatoes.com/celebrity/winston_chao,Winston Chao,Zhang
https://www.rottentomatoes.com/m/the_meg,www.rottentomatoes.com/celebrity/sophia_shuya_cai,Shuya Sophia Cai,Meiying
https://www.rottentomatoes.com/m/the_meg,www.rottentomatoes.com/celebrity/ruby_rose,Ruby Rose,Jaxx
https://www.rottentomatoes.com/m/the_meg,www.rottentomatoes.com/celebrity/page_kennedy,Page Kennedy,DJ
https://www.rottentomatoes.com/m/the_meg,,Robert Taylor,Heller
https://www.rottentomatoes.com/m/the_meg,www.rottentomatoes.com/celebrity/olafur_darri_olafsson,Ólafur Darri Ólafsson,The Wall
https://www.rottentomatoes.com/m/the_meg,www.rottentomatoes.com/celebrity/jessica_mcnamee,Jessica McNamee,Lori
https://www.rottentomatoes.com/m/the_meg,www.rottentomatoes.com/celebrity/1184358-masi_oka,Masi Oka,Toshi
https://www.rottentomatoes.com/m/the_meg,www.rottentomatoes.com/celebrity/jon_turteltaub,Jon Turteltaub,Director
https://www.rottentomatoes.com/m/the_meg,www.rottentomatoes.com/celebrity/dean_georgaris,Dean Georgaris,Screenwriter
https://www.rottentomatoes.com/m/the_meg,www.rottentomatoes.com/celebrity/jon_hoeber,Jon Hoeber,Screenwriter
https://www.rottentomatoes.com/m/the_meg,www.rottentomatoes.com/celebrity/erich_hoeber,Erich Hoeber,Screenwriter
https://www.rottentomatoes.com/m/the_meg,www.rottentomatoes.com/celebrity/lorenzo_di_bonaventura,Lorenzo di Bonaventura,Producer
https://www.rottentomatoes.com/m/the_meg,www.rottentomatoes.com/celebrity/1053102-colin_wilson,Colin Wilson,Producer
https://www.rottentomatoes.com/m/the_meg,www.rottentomatoes.com/celebrity/belle-avery,Belle Avery,Producer
https://www.rottentomatoes.com/m/the_meg,www.rottentomatoes.com/celebrity/randy_greenberg,Randy Greenberg,Executive Producer
https://www.rottentomatoes.com/m/the_meg,www.rottentomatoes.com/celebrity/ben_erwei_ji,Ben Erwei Ji,Executive Producer
https://www.rottentomatoes.com/m/the_meg,www.rottentomatoes.com/celebrity/wayne_jiang,Wayne Wei Jiang,Executive Producer
https://www.rottentomatoes.com/m/the_meg,www.rottentomatoes.com/celebrity/jerry_molen,Gerald R. Molen,Executive Producer
https://www.rottentomatoes.com/m/the_meg,www.rottentomatoes.com/celebrity/barrie_m_osborne,Barrie M. Osborne,Executive Producer
https://www.rottentomatoes.com/m/the_meg,www.rottentomatoes.com/celebrity/catherine_xujun_ying,Catherine Xujun Ying,Executive Producer
https://www.rottentomatoes.com/m/the_meg,www.rottentomatoes.com/celebrity/tom_stern_3,Tom Stern,Cinematographer
https://www.rottentomatoes.com/m/the_meg,www.rottentomatoes.com/celebrity/steven_kemper,Steven Kemper,Film Editing
https://www.rottentomatoes.com/m/the_meg,www.rottentomatoes.com/celebrity/kelly_matsumoto,Kelly Matsumoto,Film Editing
https://www.rottentomatoes.com/m/the_meg,www.rottentomatoes.com/celebrity/harry_gregsonwilliams,Harry Gregson-Williams,Original Music
https://www.rottentomatoes.com/m/the_meg,www.rottentomatoes.com/celebrity/grant_major,Grant Major,Production Design
https://www.rottentomatoes.com/m/the_meg,www.rottentomatoes.com/celebrity/amanda_neale,Amanda Neale,Costume Design
https://www.rottentomatoes.com/m/they_cloned_tyrone,www.rottentomatoes.com/celebrity/john_boyega,John Boyega,Fontaine
https://www.rottentomatoes.com/m/they_cloned_tyrone,www.rottentomatoes.com/celebrity/jamie_foxx,Jamie Foxx,Slick Charles
https://www.rottentomatoes.com/m/they_cloned_tyrone,www.rottentomatoes.com/celebrity/teyonah_parris,Teyonah Parris,Yo-Yo
https://www.rottentomatoes.com/m/they_cloned_tyrone,www.rottentomatoes.com/celebrity/kiefer_sutherland,Kiefer Sutherland,Nixon
https://www.rottentomatoes.com/m/they_cloned_tyrone,www.rottentomatoes.com/celebrity/david_alan_grier,David Alan Grier,The Preacher
https://www.rottentomatoes.com/m/they_cloned_tyrone,www.rottentomatoes.com/celebrity/nick_arapoglou,Nick Arapoglou,Bored Tech #2
https://www.rottentomatoes.com/m/they_cloned_tyrone,www.rottentomatoes.com/celebrity/j_alphonse_nicholson,J. Alphonse Nicholson,Isaac J.
https://www.rottentomatoes.com/m/they_cloned_tyrone,www.rottentomatoes.com/celebrity/jason_burkey,Jason Burkey,Oversight Tech
https://www.rottentomatoes.com/m/they_cloned_tyrone,www.rottentomatoes.com/celebrity/juel_taylor,Juel Taylor,Director
https://www.rottentomatoes.com/m/they_cloned_tyrone,www.rottentomatoes.com/celebrity/tony_rettenmaier,Tony Rettenmaier,Screenwriter
https://www.rottentomatoes.com/m/they_cloned_tyrone,www.rottentomatoes.com/celebrity/juel_taylor,Juel Taylor,Screenwriter
https://www.rottentomatoes.com/m/they_cloned_tyrone,www.rottentomatoes.com/celebrity/jamie_foxx,Jamie Foxx,Producer
https://www.rottentomatoes.com/m/they_cloned_tyrone,www.rottentomatoes.com/celebrity/charles_d_king,Charles D. King,Producer
https://www.rottentomatoes.com/m/they_cloned_tyrone,www.rottentomatoes.com/celebrity/stephen_dr_love,"Stephen ""Dr"" Love",Producer
https://www.rottentomatoes.com/m/they_cloned_tyrone,www.rottentomatoes.com/celebrity/tony_rettenmaier,Tony Rettenmaier,Producer
https://www.rottentomatoes.com/m/they_cloned_tyrone,www.rottentomatoes.com/celebrity/kim_roth,Kim Roth,Producer
https://www.rottentomatoes.com/m/they_cloned_tyrone,www.rottentomatoes.com/celebrity/juel_taylor,Juel Taylor,Producer
https://www.rottentomatoes.com/m/they_cloned_tyrone,www.rottentomatoes.com/celebrity/datari_turner,Datari Turner,Producer
https://www.rottentomatoes.com/m/they_cloned_tyrone,,Poppy Hanks,Executive Producer
https://www.rottentomatoes.com/m/they_cloned_tyrone,www.rottentomatoes.com/celebrity/jack_murray_6,Jack L. Murray,Executive Producer
https://www.rottentomatoes.com/m/they_cloned_tyrone,www.rottentomatoes.com/celebrity/dana_sano,Dana Sano,Executive Producer
https://www.rottentomatoes.com/m/they_cloned_tyrone,www.rottentomatoes.com/celebrity/mark_r_wright,Mark R. Wright,Executive Producer
https://www.rottentomatoes.com/m/they_cloned_tyrone,www.rottentomatoes.com/celebrity/ken_seng_4,Ken Seng,Cinematographer
https://www.rottentomatoes.com/m/they_cloned_tyrone,www.rottentomatoes.com/celebrity/saira_haider,Saira Haider,Film Editing
https://www.rottentomatoes.com/m/they_cloned_tyrone,www.rottentomatoes.com/celebrity/pierre_charles,Pierre Charles,Original Music
https://www.rottentomatoes.com/m/they_cloned_tyrone,www.rottentomatoes.com/celebrity/desmond_murray,Desmond Murray,Original Music
https://www.rottentomatoes.com/m/they_cloned_tyrone,www.rottentomatoes.com/celebrity/franco_giacomo_carbone,Franco-Giacomo Carbone,Production Design
https://www.rottentomatoes.com/m/they_cloned_tyrone,www.rottentomatoes.com/celebrity/nathan_krochmal,Nathan Krochmal,Art Director
https://www.rottentomatoes.com/m/the_night_of_the_12th,www.rottentomatoes.com/celebrity/bastien_bouillon,Bastien Bouillon,Yohan
https://www.rottentomatoes.com/m/the_night_of_the_12th,www.rottentomatoes.com/celebrity/bouli_lanners,Bouli Lanners,Marceau
https://www.rottentomatoes.com/m/the_night_of_the_12th,www.rottentomatoes.com/celebrity/anouk_grinberg,Anouk Grinberg,The Judge
https://www.rottentomatoes.com/m/the_night_of_the_12th,www.rottentomatoes.com/celebrity/mouna_soualem,Mouna Soualem,Nadia
https://www.rottentomatoes.com/m/the_night_of_the_12th,www.rottentomatoes.com/celebrity/pauline_serieys,Pauline Serieys,Nanie
https://www.rottentomatoes.com/m/the_night_of_the_12th,www.rottentomatoes.com/celebrity/theo_cholbi,Théo Cholbi,Willy
https://www.rottentomatoes.com/m/the_night_of_the_12th,www.rottentomatoes.com/celebrity/johann_dionnet,Johann Dionnet,Fred
https://www.rottentomatoes.com/m/the_night_of_the_12th,www.rottentomatoes.com/celebrity/thibaut_evrard,Thibaut Evrard,Loïc
https://www.rottentomatoes.com/m/the_night_of_the_12th,www.rottentomatoes.com/celebrity/julien_frison,Julien Frison,Boris
https://www.rottentomatoes.com/m/the_night_of_the_12th,www.rottentomatoes.com/celebrity/paul_jeanson,Paul Jeanson,Jérôme
https://www.rottentomatoes.com/m/the_night_of_the_12th,www.rottentomatoes.com/celebrity/lula_cotton_frapier,Lula Cotton-Frapier,Clara
https://www.rottentomatoes.com/m/the_night_of_the_12th,www.rottentomatoes.com/celebrity/charline_paul,Charline Paul,Clara's Mother
https://www.rottentomatoes.com/m/the_night_of_the_12th,www.rottentomatoes.com/celebrity/matthieu-roze,Matthieu Rozé,Clara's Father
https://www.rottentomatoes.com/m/the_night_of_the_12th,www.rottentomatoes.com/celebrity/baptiste_perais,Baptiste Perais,Wesley
https://www.rottentomatoes.com/m/the_night_of_the_12th,www.rottentomatoes.com/celebrity/nathanael_beausivoir_2,Nathanaël Beausivoir,Gabi Lacazette
https://www.rottentomatoes.com/m/the_night_of_the_12th,www.rottentomatoes.com/celebrity/benjamin_blanchy,Benjamin Blanchy,Denis Douet
https://www.rottentomatoes.com/m/the_night_of_the_12th,www.rottentomatoes.com/celebrity/pierre_lottin,Pierre Lottin,Vincent Caron
https://www.rottentomatoes.com/m/the_night_of_the_12th,www.rottentomatoes.com/celebrity/camille_rutherford,Camille Rutherford,Nathalie Bardot
https://www.rottentomatoes.com/m/the_night_of_the_12th,www.rottentomatoes.com/celebrity/david_murgia,David Murgia,Mats
https://www.rottentomatoes.com/m/the_night_of_the_12th,www.rottentomatoes.com/celebrity/dominik_moll,Dominik Moll,Director
https://www.rottentomatoes.com/m/the_night_of_the_12th,www.rottentomatoes.com/celebrity/gilles_marchand,Gilles Marchand,Screenwriter
https://www.rottentomatoes.com/m/the_night_of_the_12th,www.rottentomatoes.com/celebrity/dominik_moll,Dominik Moll,Screenwriter
https://www.rottentomatoes.com/m/the_night_of_the_12th,www.rottentomatoes.com/celebrity/caroline_benjo,Caroline Benjo,Producer
https://www.rottentomatoes.com/m/the_night_of_the_12th,www.rottentomatoes.com/celebrity/barbara_letellier,Barbara Letellier,Producer
https://www.rottentomatoes.com/m/the_night_of_the_12th,www.rottentomatoes.com/celebrity/carole_scotta,Carole Scotta,Producer
https://www.rottentomatoes.com/m/the_night_of_the_12th,www.rottentomatoes.com/celebrity/simon-arnal,Simon Arnal,Producer
https://www.rottentomatoes.com/m/the_night_of_the_12th,www.rottentomatoes.com/celebrity/patrick_ghiringhelli,Patrick Ghiringhelli,Cinematographer
https://www.rottentomatoes.com/m/the_night_of_the_12th,www.rottentomatoes.com/celebrity/laurent_rouan,Laurent Roüan,Film Editing
https://www.rottentomatoes.com/m/the_night_of_the_12th,www.rottentomatoes.com/celebrity/olivier_marguerit,Olivier Marguerit,Original Music
https://www.rottentomatoes.com/m/the_night_of_the_12th,www.rottentomatoes.com/celebrity/michel_barthelemy_2,Michel Barthélémy,Production Design
https://www.rottentomatoes.com/m/the_night_of_the_12th,www.rottentomatoes.com/celebrity/dorothee_guiraud,Dorothée Guiraud,Costume Design
https://www.rottentomatoes.com/m/the_night_of_the_12th,www.rottentomatoes.com/celebrity/agathe_hassenforder,Agathe Hassenforder,Casting
https://www.rottentomatoes.com/m/the_night_of_the_12th,www.rottentomatoes.com/celebrity/fanny_de_donceel,Fanny De Donceel,Casting
https://www.rottentomatoes.com/m/river_wild_2023,www.rottentomatoes.com/celebrity/leighton_meester,Leighton Meester,Joey
https://www.rottentomatoes.com/m/river_wild_2023,www.rottentomatoes.com/celebrity/adam_brody,Adam Brody,Trevor
https://www.rottentomatoes.com/m/river_wild_2023,www.rottentomatoes.com/celebrity/taran_killam,Taran Killam,Gray
https://www.rottentomatoes.com/m/river_wild_2023,www.rottentomatoes.com/celebrity/olivia_swann,Olivia Swann,
https://www.rottentomatoes.com/m/river_wild_2023,www.rottentomatoes.com/celebrity/eve_connolly_2,Eve Connolly,
https://www.rottentomatoes.com/m/river_wild_2023,www.rottentomatoes.com/celebrity/matt_devere,Matt Devere,Walt
https://www.rottentomatoes.com/m/river_wild_2023,www.rottentomatoes.com/celebrity/nick_wittman,Nick Wittman,Max
https://www.rottentomatoes.com/m/river_wild_2023,www.rottentomatoes.com/celebrity/courtney_chen,Courtney Chen,EMT
https://www.rottentomatoes.com/m/river_wild_2023,www.rottentomatoes.com/celebrity/ben_katai,Ben Ketai,Director
https://www.rottentomatoes.com/m/river_wild_2023,www.rottentomatoes.com/celebrity/ben_katai,Ben Ketai,Screenwriter
https://www.rottentomatoes.com/m/river_wild_2023,www.rottentomatoes.com/celebrity/mike_le,Mike Le,Screenwriter
https://www.rottentomatoes.com/m/river_wild_2023,www.rottentomatoes.com/celebrity/ogden_gavanski,Ogden Gavanski,Producer
https://www.rottentomatoes.com/m/river_wild_2023,www.rottentomatoes.com/celebrity/anne_marie_roberge,Anne-Marie Roberge,Producer
https://www.rottentomatoes.com/m/river_wild_2023,www.rottentomatoes.com/celebrity/daniel_kresmery,Daniel Kresmery,Producer
https://www.rottentomatoes.com/m/river_wild_2023,www.rottentomatoes.com/celebrity/gevorg_gev_juguryan,Gevorg Gev Juguryan,Cinematographer
https://www.rottentomatoes.com/m/river_wild_2023,www.rottentomatoes.com/celebrity/benjamin_callahan,Benjamin Callahan,Film Editing
https://www.rottentomatoes.com/m/river_wild_2023,www.rottentomatoes.com/celebrity/tristan_clopet,Tristan Clopet,Original Music
https://www.rottentomatoes.com/m/river_wild_2023,www.rottentomatoes.com/celebrity/nora_talmaier,Nóra Talmaier,Production Design
https://www.rottentomatoes.com/m/river_wild_2023,www.rottentomatoes.com/celebrity/norbert_nagy,Norbert Nagy,Art Director
https://www.rottentomatoes.com/m/river_wild_2023,www.rottentomatoes.com/celebrity/istvan_margit,Istvan Margit,Set Decoration
https://www.rottentomatoes.com/m/river_wild_2023,www.rottentomatoes.com/celebrity/ildiko_ando,Ildikó Andó,Costume Design
https://www.rottentomatoes.com/m/river_wild_2023,www.rottentomatoes.com/celebrity/diana_marton,Diana Marton,Costume Design
https://www.rottentomatoes.com/m/river_wild_2023,www.rottentomatoes.com/celebrity/gillian_hawser,Gillian Hawser,Casting
https://www.rottentomatoes.com/m/river_wild_2023,www.rottentomatoes.com/celebrity/seth_yanklewitz,Seth Yanklewitz,Casting
https://www.rottentomatoes.com/m/river_wild_2023,www.rottentomatoes.com/celebrity/ben_pollack,Ben Pollack,Casting
https://www.rottentomatoes.com/m/guardians_of_the_galaxy_vol_3,www.rottentomatoes.com/celebrity/chris_pratt,Chris Pratt,"Peter Quill, 
                
                    Star-Lord"
https://www.rottentomatoes.com/m/guardians_of_the_galaxy_vol_3,www.rottentomatoes.com/celebrity/zoe_zaldana,Zoe Saldana,Gamora
https://www.rottentomatoes.com/m/guardians_of_the_galaxy_vol_3,www.rottentomatoes.com/celebrity/dave_bautista,Dave Bautista,Drax
https://www.rottentomatoes.com/m/guardians_of_the_galaxy_vol_3,www.rottentomatoes.com/celebrity/karen_gillan,Karen Gillan,Nebula
https://www.rottentomatoes.com/m/guardians_of_the_galaxy_vol_3,www.rottentomatoes.com/celebrity/pom_klementieff,Pom Klementieff,Mantis
https://www.rottentomatoes.com/m/guardians_of_the_galaxy_vol_3,www.rottentomatoes.com/celebrity/vin_diesel,Vin Diesel,"Groot
                
            
            
                
                    
                        Voice"
https://www.rottentomatoes.com/m/guardians_of_the_galaxy_vol_3,www.rottentomatoes.com/celebrity/bradley_cooper,Bradley Cooper,"Rocket
                
            
            
                
                    
                        Voice"
https://www.rottentomatoes.com/m/guardians_of_the_galaxy_vol_3,www.rottentomatoes.com/celebrity/sean_gunn,Sean Gunn,"Kraglin, 
                
                    On-Set Rocket"
https://www.rottentomatoes.com/m/guardians_of_the_galaxy_vol_3,www.rottentomatoes.com/celebrity/chukwudi_iwuji,Chukwudi Iwuji,The High Evolutionary
https://www.rottentomatoes.com/m/guardians_of_the_galaxy_vol_3,www.rottentomatoes.com/celebrity/will-poulter,Will Poulter,Adam Warlock
https://www.rottentomatoes.com/m/guardians_of_the_galaxy_vol_3,www.rottentomatoes.com/celebrity/maria_bakalova,Maria Bakalova,"Cosmo the Spacedog
                
            
            
                
                    
                        Voice"
https://www.rottentomatoes.com/m/guardians_of_the_galaxy_vol_3,www.rottentomatoes.com/celebrity/sylvester_stallone,Sylvester Stallone,Stakar Ogord
https://www.rottentomatoes.com/m/guardians_of_the_galaxy_vol_3,www.rottentomatoes.com/celebrity/elizabeth_debicki,Elizabeth Debicki,Ayesha
https://www.rottentomatoes.com/m/guardians_of_the_galaxy_vol_3,www.rottentomatoes.com/celebrity/daniela_melchior,Daniela Melchior,Ura
https://www.rottentomatoes.com/m/guardians_of_the_galaxy_vol_3,www.rottentomatoes.com/celebrity/nico_santos,Nico Santos,Recorder Theel
https://www.rottentomatoes.com/m/guardians_of_the_galaxy_vol_3,www.rottentomatoes.com/celebrity/giovannie_cruz,Giovannie Cruz,
https://www.rottentomatoes.com/m/guardians_of_the_galaxy_vol_3,www.rottentomatoes.com/celebrity/james_gunn,James Gunn,Director
https://www.rottentomatoes.com/m/guardians_of_the_galaxy_vol_3,www.rottentomatoes.com/celebrity/james_gunn,James Gunn,Screenwriter
https://www.rottentomatoes.com/m/guardians_of_the_galaxy_vol_3,www.rottentomatoes.com/celebrity/kevin_feige,Kevin Feige,Producer
https://www.rottentomatoes.com/m/guardians_of_the_galaxy_vol_3,www.rottentomatoes.com/celebrity/louis_desposito,Louis D'Esposito,Executive Producer
https://www.rottentomatoes.com/m/guardians_of_the_galaxy_vol_3,www.rottentomatoes.com/celebrity/victoria-alonso,Victoria Alonso,Executive Producer
https://www.rottentomatoes.com/m/guardians_of_the_galaxy_vol_3,www.rottentomatoes.com/celebrity/nikolas_korda,Nikolas Korda,Executive Producer
https://www.rottentomatoes.com/m/guardians_of_the_galaxy_vol_3,www.rottentomatoes.com/celebrity/simon_hatt,Simon Hatt,Executive Producer
https://www.rottentomatoes.com/m/guardians_of_the_galaxy_vol_3,www.rottentomatoes.com/celebrity/sara_smith,Sara Smith,Executive Producer
https://www.rottentomatoes.com/m/guardians_of_the_galaxy_vol_3,www.rottentomatoes.com/celebrity/henry_braham,Henry Braham,Cinematographer
https://www.rottentomatoes.com/m/guardians_of_the_galaxy_vol_3,www.rottentomatoes.com/celebrity/fred_raskin,Fred Raskin,Film Editing
https://www.rottentomatoes.com/m/guardians_of_the_galaxy_vol_3,www.rottentomatoes.com/celebrity/greg_dauria,Greg D'Auria,Film Editing
https://www.rottentomatoes.com/m/guardians_of_the_galaxy_vol_3,www.rottentomatoes.com/celebrity/john_murphy_3,John Murphy,Original Music
https://www.rottentomatoes.com/m/guardians_of_the_galaxy_vol_3,www.rottentomatoes.com/celebrity/beth_mickle,Beth Mickle,Production Design
https://www.rottentomatoes.com/m/guardians_of_the_galaxy_vol_3,www.rottentomatoes.com/celebrity/samantha_avila,Samantha Avila,Art Director
https://www.rottentomatoes.com/m/guardians_of_the_galaxy_vol_3,www.rottentomatoes.com/celebrity/lorin_flemming,Lorin Flemming,Art Director
https://www.rottentomatoes.com/m/guardians_of_the_galaxy_vol_3,www.rottentomatoes.com/celebrity/alex_gaines,Alex Gaines,Art Director
https://www.rottentomatoes.com/m/guardians_of_the_galaxy_vol_3,www.rottentomatoes.com/celebrity/brittany_hites,Brittany Hites,Art Director
https://www.rottentomatoes.com/m/guardians_of_the_galaxy_vol_3,www.rottentomatoes.com/celebrity/zachary_fannin,Zachary Fannin,Art Director
https://www.rottentomatoes.com/m/guardians_of_the_galaxy_vol_3,www.rottentomatoes.com/celebrity/rosemary_brandenburg,Rosemary Brandenburg,Set Decoration
https://www.rottentomatoes.com/m/guardians_of_the_galaxy_vol_3,www.rottentomatoes.com/celebrity/judianna_makovsky,Judianna Makovsky,Costume Design
https://www.rottentomatoes.com/m/lola_2023,www.rottentomatoes.com/celebrity/stefanie_martini,Stefanie Martini,Martha
https://www.rottentomatoes.com/m/lola_2023,www.rottentomatoes.com/celebrity/hugh_oconor,Hugh O'Conor,
https://www.rottentomatoes.com/m/lola_2023,www.rottentomatoes.com/celebrity/emma_appleton,Emma Appleton,
https://www.rottentomatoes.com/m/lola_2023,www.rottentomatoes.com/celebrity/rory_fleck_byrne,Rory Fleck Byrne,
https://www.rottentomatoes.com/m/lola_2023,www.rottentomatoes.com/celebrity/ayvianna_snow,Ayvianna Snow,
https://www.rottentomatoes.com/m/lola_2023,www.rottentomatoes.com/celebrity/aaron_monaghan,Aaron Monaghan,
https://www.rottentomatoes.com/m/lola_2023,www.rottentomatoes.com/celebrity/andrew_legge,Andrew Legge,Director
https://www.rottentomatoes.com/m/lola_2023,www.rottentomatoes.com/celebrity/andrew_legge,Andrew Legge,Writer
https://www.rottentomatoes.com/m/lola_2023,www.rottentomatoes.com/celebrity/angeli_macfarlane_2,Angeli MacFarlane,Writer
https://www.rottentomatoes.com/m/lola_2023,www.rottentomatoes.com/celebrity/alan-maher,Alan Maher,Producer
https://www.rottentomatoes.com/m/lola_2023,www.rottentomatoes.com/celebrity/andrew_legge,Andrew Legge,Screenwriter
https://www.rottentomatoes.com/m/lola_2023,www.rottentomatoes.com/celebrity/angeli_macfarlane,Angeli Macfarlane,Screenwriter
https://www.rottentomatoes.com/m/lola_2023,www.rottentomatoes.com/celebrity/john_wallace_3,John Wallace,Producer
https://www.rottentomatoes.com/m/lola_2023,www.rottentomatoes.com/celebrity/oona_menges,Oona Menges,Cinematographer
https://www.rottentomatoes.com/m/lola_2023,www.rottentomatoes.com/celebrity/colin_campbell_3,Colin Campbell,Film Editor
https://www.rottentomatoes.com/m/lola_2023,www.rottentomatoes.com/celebrity/neil_hannon,Neil Hannon,Original Music
https://www.rottentomatoes.com/m/the_communion_girl,www.rottentomatoes.com/celebrity/carla_campra,Carla Campra,Sara
https://www.rottentomatoes.com/m/the_communion_girl,www.rottentomatoes.com/celebrity/aina_quinones,Aina Quiñones,Rebe
https://www.rottentomatoes.com/m/the_communion_girl,www.rottentomatoes.com/celebrity/marc_soler,Marc Soler,Pedro
https://www.rottentomatoes.com/m/the_communion_girl,,María Molins,Amparo
https://www.rottentomatoes.com/m/the_communion_girl,www.rottentomatoes.com/celebrity/victor_sole,Víctor Solé,Santiago
https://www.rottentomatoes.com/m/the_communion_girl,www.rottentomatoes.com/celebrity/manel_barcelo,Manel Barceló,Padre Manuel
https://www.rottentomatoes.com/m/the_communion_girl,www.rottentomatoes.com/celebrity/anna_alarcon,Anna Alarcón,Remedios
https://www.rottentomatoes.com/m/the_communion_girl,www.rottentomatoes.com/celebrity/victor_garcia_4,Víctor García,Director
https://www.rottentomatoes.com/m/the_communion_girl,www.rottentomatoes.com/celebrity/guillem_clua,Guillem Clua,Writer
https://www.rottentomatoes.com/m/a_new_life_2023,www.rottentomatoes.com/celebrity/shantelle_lee_cuevas,Shantelle Lee Cuevas,Marisol
https://www.rottentomatoes.com/m/a_new_life_2023,www.rottentomatoes.com/celebrity/jessica_quintero,Jessica Quintero,DJ Mami Fuega
https://www.rottentomatoes.com/m/a_new_life_2023,www.rottentomatoes.com/celebrity/daffany_mcgaray_clark,Daffany McGaray Clark,Stephanie
https://www.rottentomatoes.com/m/a_new_life_2023,www.rottentomatoes.com/celebrity/chris_rouse,Chris Rouse,Ronald
https://www.rottentomatoes.com/m/a_new_life_2023,www.rottentomatoes.com/celebrity/daniel_joo,Daniel Joo,Trevor
https://www.rottentomatoes.com/m/a_new_life_2023,www.rottentomatoes.com/celebrity/ambyr_michelle,Ambyr Michelle,Melanie
https://www.rottentomatoes.com/m/a_new_life_2023,www.rottentomatoes.com/celebrity/joan_moten,Joan Moten,Roxanne
https://www.rottentomatoes.com/m/a_new_life_2023,www.rottentomatoes.com/celebrity/danny_royce,Danny Royce,Rick
https://www.rottentomatoes.com/m/a_new_life_2023,www.rottentomatoes.com/celebrity/jason_greene_2,Jason Greene,
https://www.rottentomatoes.com/m/a_new_life_2023,www.rottentomatoes.com/celebrity/choice-skinner,Choice Skinner,Director
https://www.rottentomatoes.com/m/a_new_life_2023,www.rottentomatoes.com/celebrity/choice-skinner,Choice Skinner,Screenwriter
https://www.rottentomatoes.com/m/a_new_life_2023,www.rottentomatoes.com/celebrity/choice-skinner,Choice Skinner,Producer
https://www.rottentomatoes.com/m/a_new_life_2023,www.rottentomatoes.com/celebrity/janessa_morgan,Janessa Morgan,Producer
https://www.rottentomatoes.com/m/a_new_life_2023,www.rottentomatoes.com/celebrity/chris_rouse,Chris Rouse,Producer
https://www.rottentomatoes.com/m/a_new_life_2023,www.rottentomatoes.com/celebrity/shar_ross,Shar Ross,Producer
https://www.rottentomatoes.com/m/a_new_life_2023,www.rottentomatoes.com/celebrity/roger_julian_cross,Roger Julian Cross,Executive Producer
https://www.rottentomatoes.com/m/a_new_life_2023,www.rottentomatoes.com/celebrity/matthew_helderman,Matthew Helderman,Executive Producer
https://www.rottentomatoes.com/m/a_new_life_2023,www.rottentomatoes.com/celebrity/diana_moore,Diana Moore,Executive Producer
https://www.rottentomatoes.com/m/a_new_life_2023,www.rottentomatoes.com/celebrity/shar_ross,Shar Ross,Executive Producer
https://www.rottentomatoes.com/m/a_new_life_2023,www.rottentomatoes.com/celebrity/luke_taylor,Luke Dylan Taylor,Executive Producer
https://www.rottentomatoes.com/m/a_new_life_2023,www.rottentomatoes.com/celebrity/austin_uku,Austin Uku,Executive Producer
https://www.rottentomatoes.com/m/a_new_life_2023,www.rottentomatoes.com/celebrity/choice-skinner,Choice Skinner,Cinematographer
https://www.rottentomatoes.com/m/a_new_life_2023,www.rottentomatoes.com/celebrity/choice-skinner,Choice Skinner,Film Editing
https://www.rottentomatoes.com/m/a_new_life_2023,www.rottentomatoes.com/celebrity/derek_dominique,Derek Dominique,Original Music
https://www.rottentomatoes.com/m/all_up_in_the_biz,www.rottentomatoes.com/celebrity/1132291-biz_markie,Biz Markie,Self
https://www.rottentomatoes.com/m/all_up_in_the_biz,www.rottentomatoes.com/celebrity/tara_hall,Tara Hall,Self
https://www.rottentomatoes.com/m/all_up_in_the_biz,www.rottentomatoes.com/celebrity/nick_cannon,Nick Cannon,Self
https://www.rottentomatoes.com/m/all_up_in_the_biz,www.rottentomatoes.com/celebrity/1142692-tracy_morgan,Tracy Morgan,Self
https://www.rottentomatoes.com/m/all_up_in_the_biz,www.rottentomatoes.com/celebrity/big_daddy_kane,Big Daddy Kane,Self
https://www.rottentomatoes.com/m/all_up_in_the_biz,www.rottentomatoes.com/celebrity/fat_joe,Fat Joe,Self
https://www.rottentomatoes.com/m/all_up_in_the_biz,www.rottentomatoes.com/celebrity/darryl_mcdaniels,Darryl McDaniels,Self
https://www.rottentomatoes.com/m/all_up_in_the_biz,www.rottentomatoes.com/celebrity/doug_e_fresh,Doug E. Fresh,Self
https://www.rottentomatoes.com/m/all_up_in_the_biz,www.rottentomatoes.com/celebrity/dapper_dan,Dapper Dan,Self
https://www.rottentomatoes.com/m/all_up_in_the_biz,www.rottentomatoes.com/celebrity/prince_paul,Prince Paul,Self
https://www.rottentomatoes.com/m/all_up_in_the_biz,www.rottentomatoes.com/celebrity/rakim,Rakim,Self
https://www.rottentomatoes.com/m/all_up_in_the_biz,www.rottentomatoes.com/celebrity/marley_marl,Marley Marl,Self
https://www.rottentomatoes.com/m/all_up_in_the_biz,www.rottentomatoes.com/celebrity/sacha_jenkins,Sacha Jenkins,Director
https://www.rottentomatoes.com/m/all_up_in_the_biz,www.rottentomatoes.com/celebrity/sacha_jenkins,Sacha Jenkins,Screenwriter
https://www.rottentomatoes.com/m/all_up_in_the_biz,www.rottentomatoes.com/celebrity/andre_wilkins,Andre Wilkins,Screenwriter
https://www.rottentomatoes.com/m/all_up_in_the_biz,www.rottentomatoes.com/celebrity/andre_wilkins,Andre Wilkins,Producer
https://www.rottentomatoes.com/m/all_up_in_the_biz,www.rottentomatoes.com/celebrity/djali_brown_cepeda,Djali Brown-Cepeda,Producer
https://www.rottentomatoes.com/m/all_up_in_the_biz,www.rottentomatoes.com/celebrity/ethan_mills,Ethan Mills,Cinematographer
https://www.rottentomatoes.com/m/all_up_in_the_biz,www.rottentomatoes.com/celebrity/jason_pollard,Jason Pollard,Film Editor
https://www.rottentomatoes.com/m/all_up_in_the_biz,www.rottentomatoes.com/celebrity/alma_herrera_pazmino,Alma Herrera-Pazmiño,Film Editor
https://www.rottentomatoes.com/m/3_days_in_malay,www.rottentomatoes.com/celebrity/louis_mandylor,Louis Mandylor,
https://www.rottentomatoes.com/m/3_days_in_malay,www.rottentomatoes.com/celebrity/donald_cerrone,Donald Cerrone,
https://www.rottentomatoes.com/m/3_days_in_malay,www.rottentomatoes.com/celebrity/quinton_rampage_jackson,"Quinton ""Rampage"" Jackson",
https://www.rottentomatoes.com/m/3_days_in_malay,www.rottentomatoes.com/celebrity/louis_mandylor,Louis Mandylor,Director
https://www.rottentomatoes.com/m/3_days_in_malay,,Brandon Slagle,Screenwriter
https://www.rottentomatoes.com/m/3_days_in_malay,www.rottentomatoes.com/celebrity/daemon_hillin,Daemon Hillin,Producer
https://www.rottentomatoes.com/m/3_days_in_malay,www.rottentomatoes.com/celebrity/niccolo_de_la_fere,Niccolo De La Fere,Cinematographer
https://www.rottentomatoes.com/m/3_days_in_malay,www.rottentomatoes.com/celebrity/austin_nordell,Austin Nordell,Film Editor
https://www.rottentomatoes.com/m/3_days_in_malay,www.rottentomatoes.com/celebrity/daniel_figueiredo,Daniel Figueiredo,Original Music
https://www.rottentomatoes.com/m/match_me_if_you_can,www.rottentomatoes.com/celebrity/georgina-reilly,Georgina Reilly,Kip Parsons
https://www.rottentomatoes.com/m/match_me_if_you_can,www.rottentomatoes.com/celebrity/wilson_bethel,Wilson Bethel,Riley Detamore
https://www.rottentomatoes.com/m/match_me_if_you_can,www.rottentomatoes.com/celebrity/brian_george,Brian George,Meta
https://www.rottentomatoes.com/m/match_me_if_you_can,www.rottentomatoes.com/celebrity/billy_armstrong,Billy Armstrong,Dirk Detamore
https://www.rottentomatoes.com/m/match_me_if_you_can,www.rottentomatoes.com/celebrity/veronica_wylie,Veronica Wylie,Annie Lee
https://www.rottentomatoes.com/m/match_me_if_you_can,www.rottentomatoes.com/celebrity/charlie_clark_3,Charlie Clark,
https://www.rottentomatoes.com/m/match_me_if_you_can,www.rottentomatoes.com/celebrity/kanwar_singh,Kanwar Singh,Sanjay Srinivasan
https://www.rottentomatoes.com/m/match_me_if_you_can,www.rottentomatoes.com/celebrity/bradley_ofoegbu,Bradley Ofoegbu,LB Solen
https://www.rottentomatoes.com/m/match_me_if_you_can,www.rottentomatoes.com/celebrity/ava_torres,Ava Torres,Sarah Detamore
https://www.rottentomatoes.com/m/match_me_if_you_can,www.rottentomatoes.com/celebrity/marian_yeager,Marian Yeager,Director
https://www.rottentomatoes.com/m/match_me_if_you_can,www.rottentomatoes.com/celebrity/betsy_morris,Betsy Morris,Screenwriter
https://www.rottentomatoes.com/m/match_me_if_you_can,www.rottentomatoes.com/celebrity/monica_lund,Monica Lund,Producer
https://www.rottentomatoes.com/m/match_me_if_you_can,www.rottentomatoes.com/celebrity/marian_yeager,Marian Yeager,Producer
https://www.rottentomatoes.com/m/match_me_if_you_can,www.rottentomatoes.com/celebrity/paul_merryman,Paul Merryman,Executive Producer
https://www.rottentomatoes.com/m/match_me_if_you_can,www.rottentomatoes.com/celebrity/stacey_parks,Stacey Parks,Executive Producer
https://www.rottentomatoes.com/m/match_me_if_you_can,www.rottentomatoes.com/celebrity/suzanne_weinert,Suzanne Weinert,Executive Producer
https://www.rottentomatoes.com/m/match_me_if_you_can,www.rottentomatoes.com/celebrity/angela_herr,Angela Herr,Cinematographer
https://www.rottentomatoes.com/m/match_me_if_you_can,www.rottentomatoes.com/celebrity/frank_reynolds,Frank Reynolds,Film Editing
https://www.rottentomatoes.com/m/match_me_if_you_can,www.rottentomatoes.com/celebrity/brian_satterwhite,Brian Satterwhite,Original Music
https://www.rottentomatoes.com/m/match_me_if_you_can,www.rottentomatoes.com/celebrity/wesley_falk,Wesley Falk,Production Design
https://www.rottentomatoes.com/m/match_me_if_you_can,www.rottentomatoes.com/celebrity/phillip_rios,Phillip Rios,Art Director
https://www.rottentomatoes.com/m/match_me_if_you_can,www.rottentomatoes.com/celebrity/annie_bradford,Annie Bradford,Set Decoration
https://www.rottentomatoes.com/m/match_me_if_you_can,www.rottentomatoes.com/celebrity/sally_kruse,Sally Kruse,Costume Design
https://www.rottentomatoes.com/m/match_me_if_you_can,www.rottentomatoes.com/celebrity/steve_maisel,Steve Maisel,Casting
https://www.rottentomatoes.com/m/match_me_if_you_can,www.rottentomatoes.com/celebrity/jennifer_s_milliman,Jennifer S. Milliman,Producer
https://www.rottentomatoes.com/m/match_me_if_you_can,www.rottentomatoes.com/celebrity/paul_michael_merryman,Paul Michael Merryman,Executive Producer
https://www.rottentomatoes.com/m/match_me_if_you_can,www.rottentomatoes.com/celebrity/marian_yeager,Marian Yeager,Executive Producer
https://www.rottentomatoes.com/m/inside_man_2023,www.rottentomatoes.com/celebrity/emile_hirsch,Emile Hirsch,Bobby Belucci
https://www.rottentomatoes.com/m/inside_man_2023,www.rottentomatoes.com/celebrity/lucy_hale,Lucy Hale,
https://www.rottentomatoes.com/m/inside_man_2023,www.rottentomatoes.com/celebrity/ashley-greene,Ashley Greene,
https://www.rottentomatoes.com/m/inside_man_2023,www.rottentomatoes.com/celebrity/danny_a_abeckaser_2,Danny A. Abeckaser,Roy DeMeo
https://www.rottentomatoes.com/m/inside_man_2023,www.rottentomatoes.com/celebrity/greg_finley_2,Greg Finley,Anthony Senter
https://www.rottentomatoes.com/m/inside_man_2023,,Jake Cannavale,
https://www.rottentomatoes.com/m/inside_man_2023,www.rottentomatoes.com/celebrity/richard_bo_dietl,Bo Dietl,
https://www.rottentomatoes.com/m/inside_man_2023,www.rottentomatoes.com/celebrity/vincent-laresca,Vincent Laresca,
https://www.rottentomatoes.com/m/inside_man_2023,www.rottentomatoes.com/celebrity/danny_a_abeckaser_2,Danny A. Abeckaser,Director
https://www.rottentomatoes.com/m/inside_man_2023,www.rottentomatoes.com/celebrity/kosta_kondilopoulos,Kosta Kondilopoulos,Screenwriter
https://www.rottentomatoes.com/m/inside_man_2023,www.rottentomatoes.com/celebrity/danny_a_abeckaser_2,Danny A. Abeckaser,Producer
https://www.rottentomatoes.com/m/inside_man_2023,www.rottentomatoes.com/celebrity/jon_brewer_3,Jon Brewer,Producer
https://www.rottentomatoes.com/m/inside_man_2023,www.rottentomatoes.com/celebrity/gustavo_nascimento,Gustavo Nascimento,Producer
https://www.rottentomatoes.com/m/inside_man_2023,www.rottentomatoes.com/celebrity/kyle_stefanski,Kyle Stefanski,Producer
https://www.rottentomatoes.com/m/inside_man_2023,www.rottentomatoes.com/celebrity/bryan_koss,Bryan Koss,Cinematographer
https://www.rottentomatoes.com/m/inside_man_2023,www.rottentomatoes.com/celebrity/lionel_cohen,Lionel Cohen,Original Music
https://www.rottentomatoes.com/m/inside_man_2023,www.rottentomatoes.com/celebrity/peter_cordova,Peter Cordova,Production Design
https://www.rottentomatoes.com/m/inside_man_2023,www.rottentomatoes.com/celebrity/joe_cox,Joe Cox,Art Director
https://www.rottentomatoes.com/m/inside_man_2023,www.rottentomatoes.com/celebrity/taylor_venegas,Taylor Venegas,Set Decoration
https://www.rottentomatoes.com/m/inside_man_2023,www.rottentomatoes.com/celebrity/arielle_antoine,Arielle Antoine,Costume Design
https://www.rottentomatoes.com/m/inside_man_2023,www.rottentomatoes.com/celebrity/sig_de_miguel,Sig De Miguel,Casting
https://www.rottentomatoes.com/m/inside_man_2023,www.rottentomatoes.com/celebrity/stephen_vincent,Stephen Vincent,Casting
https://www.rottentomatoes.com/m/operation_napoleon,www.rottentomatoes.com/celebrity/vivian_olafsdottir,Vivian Ólafsdóttir,Kristín
https://www.rottentomatoes.com/m/operation_napoleon,www.rottentomatoes.com/celebrity/jack_fox,Jack Fox,Steve Rush
https://www.rottentomatoes.com/m/operation_napoleon,www.rottentomatoes.com/celebrity/iain_glen,Iain Glen,William Carr
https://www.rottentomatoes.com/m/operation_napoleon,www.rottentomatoes.com/celebrity/wotan_wilke,Wotan Wilke Möhring,Simon
https://www.rottentomatoes.com/m/operation_napoleon,www.rottentomatoes.com/celebrity/olafur_darri_olafsson,Ólafur Darri Ólafsson,Einar
https://www.rottentomatoes.com/m/operation_napoleon,www.rottentomatoes.com/celebrity/atli_oskar_fjalarsson,Atli Oskar Fjalarsson,Elías
https://www.rottentomatoes.com/m/operation_napoleon,www.rottentomatoes.com/celebrity/adesuwa_oni,Adesuwa Oni,Julie Ratoff
https://www.rottentomatoes.com/m/operation_napoleon,www.rottentomatoes.com/celebrity/throstur_leo_gunnarsson,Þröstur Leó Gunnarsson,Jóhannes
https://www.rottentomatoes.com/m/operation_napoleon,www.rottentomatoes.com/celebrity/nanna_kristin_magnusdottir,Nanna Kristín Magnúsdóttir,Rósa
https://www.rottentomatoes.com/m/operation_napoleon,www.rottentomatoes.com/celebrity/oskar_thor_axelsson,Óskar Þór Axelsson,Director
https://www.rottentomatoes.com/m/operation_napoleon,www.rottentomatoes.com/celebrity/arnaldur_indridason_2,Arnaldur Indriðason,Screenwriter
https://www.rottentomatoes.com/m/operation_napoleon,www.rottentomatoes.com/celebrity/marteinn_thorisson,Marteinn Þórisson,Screenwriter
https://www.rottentomatoes.com/m/operation_napoleon,www.rottentomatoes.com/celebrity/tinna_proppe,Tinna Proppé,Producer
https://www.rottentomatoes.com/m/operation_napoleon,www.rottentomatoes.com/celebrity/hilmar_sigurdsson,Hilmar Sigurðsson,Producer
https://www.rottentomatoes.com/m/operation_napoleon,www.rottentomatoes.com/celebrity/anita-elsani,Anita Elsani,Producer
https://www.rottentomatoes.com/m/operation_napoleon,www.rottentomatoes.com/celebrity/dirk_schweitzer,Dirk Schweitzer,Producer
https://www.rottentomatoes.com/m/operation_napoleon,www.rottentomatoes.com/celebrity/arni_filippusson,Árni Filippusson,Cinematographer
https://www.rottentomatoes.com/m/operation_napoleon,www.rottentomatoes.com/celebrity/gunnar_b_gudbjornsson,Gunnar B. Guðbjörnsson,Film Editor
https://www.rottentomatoes.com/m/operation_napoleon,www.rottentomatoes.com/celebrity/kristjan_lodmfjord,Kristján Loðmfjörð,Film Editor
https://www.rottentomatoes.com/m/operation_napoleon,www.rottentomatoes.com/celebrity/frank_hall,Frank Hall,Original Music
https://www.rottentomatoes.com/m/medusa_deluxe,www.rottentomatoes.com/celebrity/anita_joy_uwajeh,Anita-Joy Uwajeh,Timba
https://www.rottentomatoes.com/m/medusa_deluxe,www.rottentomatoes.com/celebrity/clare_perkins,Clare Perkins,Cleve
https://www.rottentomatoes.com/m/medusa_deluxe,www.rottentomatoes.com/celebrity/darrell_dsilva,Darrell D'Silva,Rene
https://www.rottentomatoes.com/m/medusa_deluxe,www.rottentomatoes.com/celebrity/debris_stevenson,Debris Stevenson,
https://www.rottentomatoes.com/m/medusa_deluxe,www.rottentomatoes.com/celebrity/harriet_webb,Harriet Webb,Kendra
https://www.rottentomatoes.com/m/medusa_deluxe,www.rottentomatoes.com/celebrity/heider_ali,Heider Ali,Gac
https://www.rottentomatoes.com/m/medusa_deluxe,www.rottentomatoes.com/celebrity/kae_alexander,Kae Alexander,Inez
https://www.rottentomatoes.com/m/medusa_deluxe,www.rottentomatoes.com/celebrity/kayla_meikle,Kayla Meikle,Divine
https://www.rottentomatoes.com/m/medusa_deluxe,www.rottentomatoes.com/celebrity/lilit_lesser,Lilit Lesser,Angie
https://www.rottentomatoes.com/m/medusa_deluxe,www.rottentomatoes.com/celebrity/luke_pasqualino,Luke Pasqualino,Angel
https://www.rottentomatoes.com/m/medusa_deluxe,www.rottentomatoes.com/celebrity/nicholas_karimi,Nicholas Karimi,
https://www.rottentomatoes.com/m/medusa_deluxe,www.rottentomatoes.com/celebrity/thomas_hardiman,Thomas Hardiman,Director
https://www.rottentomatoes.com/m/medusa_deluxe,www.rottentomatoes.com/celebrity/thomas_hardiman,Thomas Hardiman,Writer
https://www.rottentomatoes.com/m/medusa_deluxe,www.rottentomatoes.com/celebrity/michael_elliott_3,Michael Elliott,Producer
https://www.rottentomatoes.com/m/medusa_deluxe,www.rottentomatoes.com/celebrity/lee_groombridge,Lee Groombridge,Producer
https://www.rottentomatoes.com/m/medusa_deluxe,www.rottentomatoes.com/celebrity/lizzie_francke,Lizzie Francke,Executive Producer
https://www.rottentomatoes.com/m/medusa_deluxe,www.rottentomatoes.com/celebrity/thomas_hardiman,Thomas Hardiman,Screenwriter
https://www.rottentomatoes.com/m/medusa_deluxe,www.rottentomatoes.com/celebrity/louise_palmkvist,Louise Palmkvist,Producer
https://www.rottentomatoes.com/m/medusa_deluxe,www.rottentomatoes.com/celebrity/jim_mooney,Jim Mooney,Executive Producer
https://www.rottentomatoes.com/m/medusa_deluxe,www.rottentomatoes.com/celebrity/walli_ullah,Walli Ullah,Executive Producer
https://www.rottentomatoes.com/m/medusa_deluxe,www.rottentomatoes.com/celebrity/eva_yates,Eva Yates,Executive Producer
https://www.rottentomatoes.com/m/medusa_deluxe,www.rottentomatoes.com/celebrity/robbie_ryan,Robbie Ryan,Cinematographer
https://www.rottentomatoes.com/m/medusa_deluxe,www.rottentomatoes.com/celebrity/fouad_gaber,Fouad Gaber,Film Editor
https://www.rottentomatoes.com/m/medusa_deluxe,www.rottentomatoes.com/celebrity/koreless,Koreless,Original Music
https://www.rottentomatoes.com/m/red_white_and_royal_blue,www.rottentomatoes.com/celebrity/uma_thurman,Uma Thurman,
https://www.rottentomatoes.com/m/red_white_and_royal_blue,www.rottentomatoes.com/celebrity/nicholas_galitzine,Nicholas Galitzine,
https://www.rottentomatoes.com/m/red_white_and_royal_blue,www.rottentomatoes.com/celebrity/sarah_shahi,Sarah Shahi,
https://www.rottentomatoes.com/m/red_white_and_royal_blue,www.rottentomatoes.com/celebrity/ellie_bamber,Ellie Bamber,
https://www.rottentomatoes.com/m/red_white_and_royal_blue,www.rottentomatoes.com/celebrity/taylor_zakhar,Taylor Zakhar,
https://www.rottentomatoes.com/m/red_white_and_royal_blue,www.rottentomatoes.com/celebrity/clifton_jr_collins,Clifton Collins Jr.,
https://www.rottentomatoes.com/m/red_white_and_royal_blue,www.rottentomatoes.com/celebrity/rachel_hilson_2,Rachel Hilson,
https://www.rottentomatoes.com/m/red_white_and_royal_blue,www.rottentomatoes.com/celebrity/stephen_fry,Stephen Fry,
https://www.rottentomatoes.com/m/red_white_and_royal_blue,www.rottentomatoes.com/celebrity/thomas_flynn,Thomas Flynn,
https://www.rottentomatoes.com/m/red_white_and_royal_blue,www.rottentomatoes.com/celebrity/malcolm_atobrah,Malcolm Atobrah,
https://www.rottentomatoes.com/m/red_white_and_royal_blue,www.rottentomatoes.com/celebrity/akshay_khanna_3,Akshay Khanna,
https://www.rottentomatoes.com/m/red_white_and_royal_blue,www.rottentomatoes.com/celebrity/sharon_d_clarke,Sharon D Clarke,
https://www.rottentomatoes.com/m/red_white_and_royal_blue,www.rottentomatoes.com/celebrity/aneesh_sheth,Aneesh Sheth,
https://www.rottentomatoes.com/m/red_white_and_royal_blue,www.rottentomatoes.com/celebrity/juan_castano,Juan Castano,
https://www.rottentomatoes.com/m/red_white_and_royal_blue,www.rottentomatoes.com/celebrity/matthew_lopez,Matthew Lopez,Director
https://www.rottentomatoes.com/m/red_white_and_royal_blue,www.rottentomatoes.com/celebrity/matthew_lopez,Matthew Lopez,Screenwriter
https://www.rottentomatoes.com/m/red_white_and_royal_blue,www.rottentomatoes.com/celebrity/ted_malawer,Ted Malawer,Screenwriter
https://www.rottentomatoes.com/m/red_white_and_royal_blue,www.rottentomatoes.com/celebrity/greg_berlanti,Greg Berlanti,Producer
https://www.rottentomatoes.com/m/red_white_and_royal_blue,www.rottentomatoes.com/celebrity/sarah_schechter,Sarah Schechter,Producer
https://www.rottentomatoes.com/m/red_white_and_royal_blue,www.rottentomatoes.com/celebrity/matthew_lopez,Matthew Lopez,Executive Producer
https://www.rottentomatoes.com/m/red_white_and_royal_blue,www.rottentomatoes.com/celebrity/casey_mcquiston_2,Casey McQuiston,Executive Producer
https://www.rottentomatoes.com/m/red_white_and_royal_blue,www.rottentomatoes.com/celebrity/michael_s_constable,Michael S. Constable,Executive Producer
https://www.rottentomatoes.com/m/red_white_and_royal_blue,www.rottentomatoes.com/celebrity/michael_riley_mcgrath,Michael Riley McGrath,Executive Producer
https://www.rottentomatoes.com/m/red_white_and_royal_blue,www.rottentomatoes.com/celebrity/stephen_goldblatt,Stephen Goldblatt,Cinematographer
https://www.rottentomatoes.com/m/red_white_and_royal_blue,www.rottentomatoes.com/celebrity/kristina_hetherington,Kristina Hetherington,Film Editing
https://www.rottentomatoes.com/m/red_white_and_royal_blue,www.rottentomatoes.com/celebrity/drum_and_lace,Drum & Lace,Original Music
https://www.rottentomatoes.com/m/red_white_and_royal_blue,www.rottentomatoes.com/celebrity/miren_maranon,Miren Marañón,Production Design
https://www.rottentomatoes.com/m/red_white_and_royal_blue,www.rottentomatoes.com/celebrity/heather_noble,Heather Noble,Art Director
https://www.rottentomatoes.com/m/red_white_and_royal_blue,www.rottentomatoes.com/celebrity/neil_floyd,Neil Floyd,Set Decoration
https://www.rottentomatoes.com/m/red_white_and_royal_blue,www.rottentomatoes.com/celebrity/keith_madden_2,Keith Madden,Costume Design
https://www.rottentomatoes.com/m/red_white_and_royal_blue,www.rottentomatoes.com/celebrity/rich_delia,Rich Delia,Casting
https://www.rottentomatoes.com/m/red_white_and_royal_blue,www.rottentomatoes.com/celebrity/kelly_hendry,Kelly Valentine Hendry,Casting
https://www.rottentomatoes.com/m/heart_of_stone_2023,www.rottentomatoes.com/celebrity/gal-gadot,Gal Gadot,Rachel Stone
https://www.rottentomatoes.com/m/heart_of_stone_2023,www.rottentomatoes.com/celebrity/jamie_dornan,Jamie Dornan,Parker
https://www.rottentomatoes.com/m/heart_of_stone_2023,www.rottentomatoes.com/celebrity/alia_bhatt,Alia Bhatt,Keya Dhawan
https://www.rottentomatoes.com/m/heart_of_stone_2023,www.rottentomatoes.com/celebrity/sophie_okonedo,Sophie Okonedo,
https://www.rottentomatoes.com/m/heart_of_stone_2023,www.rottentomatoes.com/celebrity/matthias_schweighofer,Matthias Schweighöfer,
https://www.rottentomatoes.com/m/heart_of_stone_2023,www.rottentomatoes.com/celebrity/jing_lusi,Jing Lusi,
https://www.rottentomatoes.com/m/heart_of_stone_2023,www.rottentomatoes.com/celebrity/paul_ready,Paul Ready,
https://www.rottentomatoes.com/m/heart_of_stone_2023,www.rottentomatoes.com/celebrity/archie_madekwe,Archie Madekwe,Ivo
https://www.rottentomatoes.com/m/heart_of_stone_2023,www.rottentomatoes.com/celebrity/1176833-tom_harper,Tom Harper,Director
https://www.rottentomatoes.com/m/heart_of_stone_2023,www.rottentomatoes.com/celebrity/greg_rucka,Greg Rucka,Screenwriter
https://www.rottentomatoes.com/m/heart_of_stone_2023,www.rottentomatoes.com/celebrity/allison_schroeder,Allison Schroeder,Screenwriter
https://www.rottentomatoes.com/m/heart_of_stone_2023,www.rottentomatoes.com/celebrity/bonnie-curtis,Bonnie Curtis,Producer
https://www.rottentomatoes.com/m/heart_of_stone_2023,www.rottentomatoes.com/celebrity/david-ellison,David Ellison,Producer
https://www.rottentomatoes.com/m/heart_of_stone_2023,www.rottentomatoes.com/celebrity/gal-gadot,Gal Gadot,Producer
https://www.rottentomatoes.com/m/heart_of_stone_2023,www.rottentomatoes.com/celebrity/dana-goldberg,Dana Goldberg,Producer
https://www.rottentomatoes.com/m/heart_of_stone_2023,www.rottentomatoes.com/celebrity/don_granger,Don Granger,Producer
https://www.rottentomatoes.com/m/heart_of_stone_2023,www.rottentomatoes.com/celebrity/julie-lynn,Julie Lynn,Producer
https://www.rottentomatoes.com/m/heart_of_stone_2023,www.rottentomatoes.com/celebrity/jaron_varsano,Jaron Varsano,Producer
https://www.rottentomatoes.com/m/heart_of_stone_2023,www.rottentomatoes.com/celebrity/jimmy_abounouom,Jimmy Abounouom,Executive Producer
https://www.rottentomatoes.com/m/heart_of_stone_2023,www.rottentomatoes.com/celebrity/1176833-tom_harper,Tom Harper,Executive Producer
https://www.rottentomatoes.com/m/heart_of_stone_2023,www.rottentomatoes.com/celebrity/greg_rucka,Greg Rucka,Executive Producer
https://www.rottentomatoes.com/m/heart_of_stone_2023,www.rottentomatoes.com/celebrity/patricia_whitcher,Patricia Whitcher,Executive Producer
https://www.rottentomatoes.com/m/heart_of_stone_2023,www.rottentomatoes.com/celebrity/george_steel,George Steel,Cinematographer
https://www.rottentomatoes.com/m/heart_of_stone_2023,www.rottentomatoes.com/celebrity/mark_eckersley,Mark Eckersley,Film Editing
https://www.rottentomatoes.com/m/heart_of_stone_2023,www.rottentomatoes.com/celebrity/charles_jh_wood,Charles Wood,Production Design
https://www.rottentomatoes.com/m/heart_of_stone_2023,www.rottentomatoes.com/celebrity/david_allday,David Allday,Art Director
https://www.rottentomatoes.com/m/heart_of_stone_2023,,Thomas Brown,Art Director
https://www.rottentomatoes.com/m/heart_of_stone_2023,www.rottentomatoes.com/celebrity/tara_ilsley,Tara Ilsley,Art Director
https://www.rottentomatoes.com/m/this_stolen_country_of_mine,www.rottentomatoes.com/celebrity/paul_jarrin,Paul Jarrin,Self
https://www.rottentomatoes.com/m/this_stolen_country_of_mine,www.rottentomatoes.com/celebrity/marc_wiese,Marc Wiese,Director
https://www.rottentomatoes.com/m/this_stolen_country_of_mine,www.rottentomatoes.com/celebrity/oliver_stolz,Oliver Stoltz,Producer
https://www.rottentomatoes.com/m/this_stolen_country_of_mine,www.rottentomatoes.com/celebrity/wolfgang-held,Wolfgang Held,Cinematographer
https://www.rottentomatoes.com/m/this_stolen_country_of_mine,www.rottentomatoes.com/celebrity/marc_schubert,Marc Schubert,Film Editor
https://www.rottentomatoes.com/m/this_stolen_country_of_mine,www.rottentomatoes.com/celebrity/carsten_nicolai,Carsten Nicolai,Original Music
https://www.rottentomatoes.com/m/marry_my_dead_body,www.rottentomatoes.com/celebrity/greg_han_hsu,Greg Han Hsu,Wu Ming-Han
https://www.rottentomatoes.com/m/marry_my_dead_body,www.rottentomatoes.com/celebrity/po_hung_lin,Po-Hung Lin,Mao Pang-Yu
https://www.rottentomatoes.com/m/marry_my_dead_body,www.rottentomatoes.com/celebrity/gingle_wang,Gingle Wang,Lin Tzu-Ching
https://www.rottentomatoes.com/m/marry_my_dead_body,www.rottentomatoes.com/celebrity/tsai_chen_nan,Tsai Chen-Nan,Lin Hsiao-Yuan
https://www.rottentomatoes.com/m/marry_my_dead_body,www.rottentomatoes.com/celebrity/man_chiao_wang,Man-Chiao Wang,Pang-Yu's grandmother
https://www.rottentomatoes.com/m/marry_my_dead_body,www.rottentomatoes.com/celebrity/tsung_hua_tou,Tsung-Hua Tou,Pang-Yu's father
https://www.rottentomatoes.com/m/marry_my_dead_body,www.rottentomatoes.com/celebrity/nien_hsien_ma,Nien-Hsien Ma,Chang Yung-Kang
https://www.rottentomatoes.com/m/marry_my_dead_body,www.rottentomatoes.com/celebrity/tsai_hsing_chang,Tsai-Hsing Chang,A-Gao
https://www.rottentomatoes.com/m/marry_my_dead_body,www.rottentomatoes.com/celebrity/wei_hao_cheng,Wei-hao Cheng,Director
https://www.rottentomatoes.com/m/love_in_taipei,www.rottentomatoes.com/celebrity/ashley_liao,Ashley Liao,Ever Wong
https://www.rottentomatoes.com/m/love_in_taipei,,Ross Butler,Rick Woo
https://www.rottentomatoes.com/m/love_in_taipei,www.rottentomatoes.com/celebrity/nico_hiraga,Nico Hiraga,Xavier Yeh
https://www.rottentomatoes.com/m/love_in_taipei,www.rottentomatoes.com/celebrity/chelsea_zhang,Chelsea Zhang,Sophie
https://www.rottentomatoes.com/m/love_in_taipei,www.rottentomatoes.com/celebrity/cindy-cheung,Cindy Cheung,Aunt Shu
https://www.rottentomatoes.com/m/love_in_taipei,www.rottentomatoes.com/celebrity/chloe_fox,Chloe Fox,Megan
https://www.rottentomatoes.com/m/love_in_taipei,www.rottentomatoes.com/celebrity/janet_hsieh,Janet Hsieh,Aunt Claire
https://www.rottentomatoes.com/m/love_in_taipei,www.rottentomatoes.com/celebrity/will_ni,Will Ni,Jeremy
https://www.rottentomatoes.com/m/love_in_taipei,www.rottentomatoes.com/celebrity/arvin_chen_2,Arvin Chen,Director
https://www.rottentomatoes.com/m/love_in_taipei,www.rottentomatoes.com/celebrity/abigail_hing_wen_2,Abigail Hing Wen,Writer
https://www.rottentomatoes.com/m/love_in_taipei,www.rottentomatoes.com/celebrity/charlie_oh_2,Charlie Oh,Screenwriter
https://www.rottentomatoes.com/m/love_in_taipei,www.rottentomatoes.com/celebrity/mackenzie_dohr_2,Mackenzie Dohr,Screenwriter
https://www.rottentomatoes.com/m/love_in_taipei,www.rottentomatoes.com/celebrity/matthew_kaplan,Matthew Kaplan,Producer
https://www.rottentomatoes.com/m/love_in_taipei,www.rottentomatoes.com/celebrity/abigail_hing_wen_2,Abigail Hing Wen,Executive Producer
https://www.rottentomatoes.com/m/love_in_taipei,www.rottentomatoes.com/celebrity/aubrey_bendix,Aubrey Bendix,Executive Producer
https://www.rottentomatoes.com/m/love_in_taipei,,Ross Butler,Executive Producer
https://www.rottentomatoes.com/m/love_in_taipei,www.rottentomatoes.com/celebrity/cheng_chung_chang,Cheng-Chung Chang,Executive Producer
https://www.rottentomatoes.com/m/love_in_taipei,www.rottentomatoes.com/celebrity/michelle_harrison_3,Michelle Harrison,Film Editing
https://www.rottentomatoes.com/m/love_in_taipei,www.rottentomatoes.com/celebrity/roger_suen,Roger Suen,Original Music
https://www.rottentomatoes.com/m/love_in_taipei,www.rottentomatoes.com/celebrity/jennifer_morden,Jennifer Morden,Production Design
https://www.rottentomatoes.com/m/love_in_taipei,www.rottentomatoes.com/celebrity/bing_yi_liao,Bing Yi Liao,Art Director
https://www.rottentomatoes.com/m/love_in_taipei,www.rottentomatoes.com/celebrity/john_mcalary,John McAlary,Casting
https://www.rottentomatoes.com/m/love_in_taipei,www.rottentomatoes.com/celebrity/chris_foss,Chris Foss,Executive Producer
https://www.rottentomatoes.com/m/love_in_taipei,www.rottentomatoes.com/celebrity/matthew_janzen,Matthew Janzen,Executive Producer
https://www.rottentomatoes.com/m/love_in_taipei,,Max Siemers,Executive Producer
https://www.rottentomatoes.com/m/in_its_wake,www.rottentomatoes.com/celebrity/elvis-stojko,Elvis Stojko,
https://www.rottentomatoes.com/m/in_its_wake,www.rottentomatoes.com/celebrity/paige_foskett,Paige Foskett,
https://www.rottentomatoes.com/m/in_its_wake,www.rottentomatoes.com/celebrity/kenneth_bemister,Kenneth Bemister,
https://www.rottentomatoes.com/m/in_its_wake,www.rottentomatoes.com/celebrity/damien_doepping,Damien Doepping,
https://www.rottentomatoes.com/m/in_its_wake,www.rottentomatoes.com/celebrity/robert_notman,Robert Notman,
https://www.rottentomatoes.com/m/in_its_wake,www.rottentomatoes.com/celebrity/jacqueline_godbout,Jacqueline Godbout,
https://www.rottentomatoes.com/m/in_its_wake,www.rottentomatoes.com/celebrity/aaron_heels,Aaron Heels,
https://www.rottentomatoes.com/m/in_its_wake,www.rottentomatoes.com/celebrity/liam_seamus_murphy,Liam Seamus Murphy,
https://www.rottentomatoes.com/m/in_its_wake,www.rottentomatoes.com/celebrity/thomas_john_scott,Thomas John Scott,
https://www.rottentomatoes.com/m/in_its_wake,www.rottentomatoes.com/celebrity/steve_kasan,Steve Kasan,
https://www.rottentomatoes.com/m/in_its_wake,www.rottentomatoes.com/celebrity/lee_foster,Lee Foster,Director
https://www.rottentomatoes.com/m/in_its_wake,www.rottentomatoes.com/celebrity/ryan_kobold,Ryan Kobold,Screenwriter
https://www.rottentomatoes.com/m/in_its_wake,www.rottentomatoes.com/celebrity/lee_foster,Lee Foster,Producer
https://www.rottentomatoes.com/m/in_its_wake,www.rottentomatoes.com/celebrity/ryan_kobold,Ryan Kobold,Producer
https://www.rottentomatoes.com/m/kali_karate_the_2nd_beginning,www.rottentomatoes.com/celebrity/sean_russel_herman,Sean Russel Herman,Sensai Houston
https://www.rottentomatoes.com/m/kali_karate_the_2nd_beginning,www.rottentomatoes.com/celebrity/shu_lan_tuan,Shu Lan Tuan,Shu
https://www.rottentomatoes.com/m/kali_karate_the_2nd_beginning,www.rottentomatoes.com/celebrity/josh_plasse,Josh Plasse,Coen Mahoney
https://www.rottentomatoes.com/m/kali_karate_the_2nd_beginning,www.rottentomatoes.com/celebrity/laura_seay,Laura Seay,Stacey
https://www.rottentomatoes.com/m/kali_karate_the_2nd_beginning,www.rottentomatoes.com/celebrity/pedro_correa,Pedro Correa,Spike
https://www.rottentomatoes.com/m/kali_karate_the_2nd_beginning,www.rottentomatoes.com/celebrity/noah_centineo,Noah Centineo,Self
https://www.rottentomatoes.com/m/kali_karate_the_2nd_beginning,www.rottentomatoes.com/celebrity/sean_russel_herman,Sean Russel Herman,Director
https://www.rottentomatoes.com/m/kali_karate_the_2nd_beginning,www.rottentomatoes.com/celebrity/sean_russel_herman,Sean Russel Herman,Screenwriter
https://www.rottentomatoes.com/m/kali_karate_the_2nd_beginning,www.rottentomatoes.com/celebrity/sean_russel_herman,Sean Russel Herman,Producer
https://www.rottentomatoes.com/m/destination_nba_a_g_league_odyssey,www.rottentomatoes.com/celebrity/seth_curry,Seth Curry,Self
https://www.rottentomatoes.com/m/destination_nba_a_g_league_odyssey,www.rottentomatoes.com/celebrity/gary_payton_ii,Gary Payton II,Self
https://www.rottentomatoes.com/m/destination_nba_a_g_league_odyssey,www.rottentomatoes.com/celebrity/jalen_green,Jalen Green,Self
https://www.rottentomatoes.com/m/destination_nba_a_g_league_odyssey,www.rottentomatoes.com/celebrity/spencer_dinwiddie,Spencer Dinwiddie,Self
https://www.rottentomatoes.com/m/destination_nba_a_g_league_odyssey,www.rottentomatoes.com/celebrity/liam_hughes_2,Liam Hughes,Director
https://www.rottentomatoes.com/m/destination_nba_a_g_league_odyssey,www.rottentomatoes.com/celebrity/bryant_robinson,Bryant Robinson,Director
https://www.rottentomatoes.com/m/destination_nba_a_g_league_odyssey,www.rottentomatoes.com/celebrity/david_check,David Check,Executive Producer
https://www.rottentomatoes.com/m/destination_nba_a_g_league_odyssey,www.rottentomatoes.com/celebrity/gotham_chopra,Gotham Chopra,Executive Producer
https://www.rottentomatoes.com/m/destination_nba_a_g_league_odyssey,www.rottentomatoes.com/celebrity/ameeth_sankaran,Ameeth Sankaran,Executive Producer
https://www.rottentomatoes.com/m/destination_nba_a_g_league_odyssey,www.rottentomatoes.com/celebrity/bill_simmons,Bill Simmons,Executive Producer
https://www.rottentomatoes.com/m/destination_nba_a_g_league_odyssey,www.rottentomatoes.com/celebrity/timothy_ouillette,Timothy Ouillette,Cinematographer
https://www.rottentomatoes.com/m/destination_nba_a_g_league_odyssey,www.rottentomatoes.com/celebrity/brandon_campbell,Brandon Campbell,Original Music
https://www.rottentomatoes.com/m/wolfkin,www.rottentomatoes.com/celebrity/louise_manteau,Louise Manteau,
https://www.rottentomatoes.com/m/wolfkin,www.rottentomatoes.com/celebrity/victor_dieu,Victor Dieu,
https://www.rottentomatoes.com/m/wolfkin,www.rottentomatoes.com/celebrity/marjaleena_junker,Marja-Leena Junker,
https://www.rottentomatoes.com/m/wolfkin,www.rottentomatoes.com/celebrity/jules_werner,Jules Werner,
https://www.rottentomatoes.com/m/wolfkin,www.rottentomatoes.com/celebrity/marco_lorenzini,Marco Lorenzini,
https://www.rottentomatoes.com/m/wolfkin,www.rottentomatoes.com/celebrity/myriam-muller,Myriam Muller,
https://www.rottentomatoes.com/m/wolfkin,www.rottentomatoes.com/celebrity/charles_muller,Charles Muller,
https://www.rottentomatoes.com/m/wolfkin,www.rottentomatoes.com/celebrity/jacques_molitor,Jacques Molitor,Director
https://www.rottentomatoes.com/m/wolfkin,www.rottentomatoes.com/celebrity/jacques_molitor,Jacques Molitor,Screenwriter
https://www.rottentomatoes.com/m/wolfkin,www.rottentomatoes.com/celebrity/regine_abadia,Regine Abadia,Screenwriter
https://www.rottentomatoes.com/m/summoning_the_spirit,www.rottentomatoes.com/celebrity/krystal_millie_valdes,Krystal Millie Valdes,Carla
https://www.rottentomatoes.com/m/summoning_the_spirit,www.rottentomatoes.com/celebrity/ernesto_reyes,Ernesto Reyes,Dean
https://www.rottentomatoes.com/m/summoning_the_spirit,www.rottentomatoes.com/celebrity/jesse_tayeh_2,Jesse Tayeh,Arlo
https://www.rottentomatoes.com/m/summoning_the_spirit,www.rottentomatoes.com/celebrity/sean_sisson,Sean Sisson,Bigfoot
https://www.rottentomatoes.com/m/summoning_the_spirit,www.rottentomatoes.com/celebrity/isabelle_muthiah,Isabelle Muthiah,Celeste
https://www.rottentomatoes.com/m/summoning_the_spirit,www.rottentomatoes.com/celebrity/robin_magdhalen,Robin Magdhalen,Jerri
https://www.rottentomatoes.com/m/summoning_the_spirit,www.rottentomatoes.com/celebrity/jasmine_sinclair,Jasmine Sinclair,Clear
https://www.rottentomatoes.com/m/summoning_the_spirit,www.rottentomatoes.com/celebrity/lacy_todd,Lacy Todd,River
https://www.rottentomatoes.com/m/summoning_the_spirit,www.rottentomatoes.com/celebrity/jimmy_garcia,Jimmy Garcia,Avery
https://www.rottentomatoes.com/m/summoning_the_spirit,www.rottentomatoes.com/celebrity/bruce_jennings_2,Bruce Jennings,William
https://www.rottentomatoes.com/m/summoning_the_spirit,www.rottentomatoes.com/celebrity/alan_burrell,Alan Burrell,Rex
https://www.rottentomatoes.com/m/summoning_the_spirit,www.rottentomatoes.com/celebrity/jon_garcia,Jon Garcia,Director
https://www.rottentomatoes.com/m/summoning_the_spirit,www.rottentomatoes.com/celebrity/jon_garcia,Jon Garcia,Screenwriter
https://www.rottentomatoes.com/m/summoning_the_spirit,www.rottentomatoes.com/celebrity/zach_carter,Zach Carter,Screenwriter
https://www.rottentomatoes.com/m/summoning_the_spirit,www.rottentomatoes.com/celebrity/lacy_todd,Lacy Todd,Producer
https://www.rottentomatoes.com/m/summoning_the_spirit,www.rottentomatoes.com/celebrity/joe_jatcko,Joe Jatcko,Producer
https://www.rottentomatoes.com/m/summoning_the_spirit,www.rottentomatoes.com/celebrity/michael_repsch_2,Michael Repsch,Producer
https://www.rottentomatoes.com/m/the_seven_deadly_sins_grudge_of_edinburgh_part_2,www.rottentomatoes.com/celebrity/ayumu_murase,Ayumu Murase,"Tristan
                
            
            
                
                    
                        Voice"
https://www.rottentomatoes.com/m/the_seven_deadly_sins_grudge_of_edinburgh_part_2,www.rottentomatoes.com/celebrity/kouki_uchiyama,Kouki Uchiyama,"Launcelot
                
            
            
                
                    
                        Voice"
https://www.rottentomatoes.com/m/the_seven_deadly_sins_grudge_of_edinburgh_part_2,www.rottentomatoes.com/celebrity/yuki_kaji_2,Yuki Kaji,"Meliodas
                
            
            
                
                    
                        Voice"
https://www.rottentomatoes.com/m/the_seven_deadly_sins_grudge_of_edinburgh_part_2,www.rottentomatoes.com/celebrity/sora_amamiya,Sora Amamiya,"Elizabeth
                
            
            
                
                    
                        Voice"
https://www.rottentomatoes.com/m/the_seven_deadly_sins_grudge_of_edinburgh_part_2,www.rottentomatoes.com/celebrity/tatsuhisa_suzuki,Tatsuhisa Suzuki,"Ban
                
            
            
                
                    
                        Voice"
https://www.rottentomatoes.com/m/the_seven_deadly_sins_grudge_of_edinburgh_part_2,www.rottentomatoes.com/celebrity/mikako_komatsu,Mikako Komatsu,"Young Tristan
                
            
            
                
                    
                        Voice"
https://www.rottentomatoes.com/m/the_seven_deadly_sins_grudge_of_edinburgh_part_2,www.rottentomatoes.com/celebrity/noriyuki_abe,Noriyuki Abe,Director
https://www.rottentomatoes.com/m/the_seven_deadly_sins_grudge_of_edinburgh_part_2,www.rottentomatoes.com/celebrity/bob_shirahata,Bob Shirahata,Director
https://www.rottentomatoes.com/m/the_seven_deadly_sins_grudge_of_edinburgh_part_2,www.rottentomatoes.com/celebrity/rintaro_ikeda,Rintaro Ikeda,Screenwriter
https://www.rottentomatoes.com/m/wolf_hollow,www.rottentomatoes.com/celebrity/felissa_rose,Felissa Rose,Evie Neuri
https://www.rottentomatoes.com/m/wolf_hollow,www.rottentomatoes.com/celebrity/lynn_lowry,Lynn Lowry,Marla Taylor
https://www.rottentomatoes.com/m/wolf_hollow,www.rottentomatoes.com/celebrity/hannah_fierman,Hannah Fierman,Audra Rossi
https://www.rottentomatoes.com/m/wolf_hollow,www.rottentomatoes.com/celebrity/angel_nichole_bradford,Angel Nichole Bradford,Kitty
https://www.rottentomatoes.com/m/wolf_hollow,www.rottentomatoes.com/celebrity/erica_dyer,Erica Dyer,Bonfire Victim #2
https://www.rottentomatoes.com/m/wolf_hollow,www.rottentomatoes.com/celebrity/bj_mezek,BJ Mezek,Tom
https://www.rottentomatoes.com/m/wolf_hollow,www.rottentomatoes.com/celebrity/robert_bess,Robert Bess,Streamer
https://www.rottentomatoes.com/m/wolf_hollow,www.rottentomatoes.com/celebrity/remy_robert,Rémy Robert,Live Streamer #2
https://www.rottentomatoes.com/m/wolf_hollow,www.rottentomatoes.com/celebrity/brian_ceponis,Brian Ceponis,Bart
https://www.rottentomatoes.com/m/wolf_hollow,www.rottentomatoes.com/celebrity/christina_krakowski,Christina Krakowski,Alex
https://www.rottentomatoes.com/m/wolf_hollow,www.rottentomatoes.com/celebrity/noah_j_welter,Noah J. Welter,Ray
https://www.rottentomatoes.com/m/wolf_hollow,www.rottentomatoes.com/celebrity/brandon_krum,Brandon Krum,
https://www.rottentomatoes.com/m/wolf_hollow,www.rottentomatoes.com/celebrity/jess_uhler,Jess Uhler,
https://www.rottentomatoes.com/m/wolf_hollow,www.rottentomatoes.com/celebrity/kamarra_cole,Kamarra Cole,
https://www.rottentomatoes.com/m/wolf_hollow,www.rottentomatoes.com/celebrity/spencer_madison,Spencer Madison,
https://www.rottentomatoes.com/m/wolf_hollow,www.rottentomatoes.com/celebrity/lucas_dunaway,Lucas Dunaway,
https://www.rottentomatoes.com/m/wolf_hollow,www.rottentomatoes.com/celebrity/jordan_ploskina,Jordan Ploskina,
https://www.rottentomatoes.com/m/wolf_hollow,www.rottentomatoes.com/celebrity/mark_cantu,Mark Cantu,Director
https://www.rottentomatoes.com/m/wolf_hollow,www.rottentomatoes.com/celebrity/mark_cantu,Mark Cantu,Screenwriter
https://www.rottentomatoes.com/m/wolf_hollow,www.rottentomatoes.com/celebrity/mike_ancas,Mike Ancas,Producer
https://www.rottentomatoes.com/m/wolf_hollow,www.rottentomatoes.com/celebrity/david_matthew_barnes,David-Matthew Barnes,Producer
https://www.rottentomatoes.com/m/wolf_hollow,www.rottentomatoes.com/celebrity/bruce_blissman,Bruce Blissman,Producer
https://www.rottentomatoes.com/m/wolf_hollow,www.rottentomatoes.com/celebrity/mark_cantu,Mark Cantu,Producer
https://www.rottentomatoes.com/m/wolf_hollow,www.rottentomatoes.com/celebrity/brian_ceponis,Brian Ceponis,Producer
https://www.rottentomatoes.com/m/wolf_hollow,www.rottentomatoes.com/celebrity/jeffrey_j_ellen,Jeffrey J. Ellen,Producer
https://www.rottentomatoes.com/m/wolf_hollow,www.rottentomatoes.com/celebrity/wes_fisher,Wes Fisher,Producer
https://www.rottentomatoes.com/m/wolf_hollow,www.rottentomatoes.com/celebrity/avery_guerra,Avery Guerra,Producer
https://www.rottentomatoes.com/m/wolf_hollow,www.rottentomatoes.com/celebrity/michelle_hill,Michelle Hill,Producer
https://www.rottentomatoes.com/m/wolf_hollow,www.rottentomatoes.com/celebrity/lisa_hinds,Lisa Hinds,Producer
https://www.rottentomatoes.com/m/wolf_hollow,www.rottentomatoes.com/celebrity/samantha_korich,Samantha Korich,Producer
https://www.rottentomatoes.com/m/wolf_hollow,www.rottentomatoes.com/celebrity/brandon_krum,Brandon Krum,Producer
https://www.rottentomatoes.com/m/wolf_hollow,www.rottentomatoes.com/celebrity/charles_solomon_jr,Charles Solomon Jr.,Producer
https://www.rottentomatoes.com/m/wolf_hollow,www.rottentomatoes.com/celebrity/scott_alan_ward,Scott Alan Ward,Producer
https://www.rottentomatoes.com/m/wolf_hollow,www.rottentomatoes.com/celebrity/brian_bell_3,Brian Bell,Executive Producer
https://www.rottentomatoes.com/m/wolf_hollow,www.rottentomatoes.com/celebrity/randy_byers,Randy Byers,Executive Producer
https://www.rottentomatoes.com/m/wolf_hollow,www.rottentomatoes.com/celebrity/bj_mezek,BJ Mezek,Executive Producer
https://www.rottentomatoes.com/m/wolf_hollow,www.rottentomatoes.com/celebrity/ripley_rosaben_ortiz,Ripley Rosaben Ortiz,Executive Producer
https://www.rottentomatoes.com/m/spider_man_across_the_spider_verse,www.rottentomatoes.com/celebrity/shameik_moore,Shameik Moore,"Miles Morales
                
            
            
                
                    
                        Voice"
https://www.rottentomatoes.com/m/spider_man_across_the_spider_verse,www.rottentomatoes.com/celebrity/hailee_steinfeld,Hailee Steinfeld,"Gwen Stacey
                
            
            
                
                    
                        Voice"
https://www.rottentomatoes.com/m/spider_man_across_the_spider_verse,www.rottentomatoes.com/celebrity/oscar-isaac,Oscar Isaac,"Miguel O'Hara
                
            
            
                
                    
                        Voice"
https://www.rottentomatoes.com/m/spider_man_across_the_spider_verse,www.rottentomatoes.com/celebrity/jake_johnson_2,Jake Johnson,"Peter B. Parker
                
            
            
                
                    
                        Voice"
https://www.rottentomatoes.com/m/spider_man_across_the_spider_verse,www.rottentomatoes.com/celebrity/issa_rae,Issa Rae,"Jessica Drew
                
            
            
                
                    
                        Voice"
https://www.rottentomatoes.com/m/spider_man_across_the_spider_verse,www.rottentomatoes.com/celebrity/daniel_kaluuya,Daniel Kaluuya,"Hobart ""Hobie"" Brown, 
                
                    Spider-Punk
                
            
            
                
                    
                        Voice"
https://www.rottentomatoes.com/m/spider_man_across_the_spider_verse,www.rottentomatoes.com/celebrity/jason_schwartzman,Jason Schwartzman,"Jonathan Ohnn, 
                
                    The Spot
                
            
            
                
                    
                        Voice"
https://www.rottentomatoes.com/m/spider_man_across_the_spider_verse,www.rottentomatoes.com/celebrity/brian_tyree_henry,Brian Tyree Henry,"Jefferson Davis
                
            
            
                
                    
                        Voice"
https://www.rottentomatoes.com/m/spider_man_across_the_spider_verse,www.rottentomatoes.com/celebrity/luna_velez,Luna Lauren Velez,"Rio Morales
                
            
            
                
                    
                        Voice"
https://www.rottentomatoes.com/m/spider_man_across_the_spider_verse,www.rottentomatoes.com/celebrity/greta_lee,Greta Lee,"Lyla
                
            
            
                
                    
                        Voice"
https://www.rottentomatoes.com/m/spider_man_across_the_spider_verse,www.rottentomatoes.com/celebrity/rachel_dratch,Rachel Dratch,"Principal
                
            
            
                
                    
                        Voice"
https://www.rottentomatoes.com/m/spider_man_across_the_spider_verse,www.rottentomatoes.com/celebrity/1180165-jorma_taccone,Jorma Taccone,"Adrian Toomes, 
                
                    The Vulture
                
            
            
                
                    
                        Voice"
https://www.rottentomatoes.com/m/spider_man_across_the_spider_verse,www.rottentomatoes.com/celebrity/shea_whigham,Shea Whigham,"George Stacy
                
            
            
                
                    
                        Voice"
https://www.rottentomatoes.com/m/spider_man_across_the_spider_verse,www.rottentomatoes.com/celebrity/joaquim_dos_santos,Joaquim Dos Santos,Director
https://www.rottentomatoes.com/m/spider_man_across_the_spider_verse,www.rottentomatoes.com/celebrity/kemp_powers,Kemp Powers,Director
https://www.rottentomatoes.com/m/spider_man_across_the_spider_verse,www.rottentomatoes.com/celebrity/justin_k_thompson,Justin K. Thompson,Director
https://www.rottentomatoes.com/m/spider_man_across_the_spider_verse,www.rottentomatoes.com/celebrity/phil_lord,Phil Lord,Screenwriter
https://www.rottentomatoes.com/m/spider_man_across_the_spider_verse,www.rottentomatoes.com/celebrity/christopher_miller,Chris Miller,Screenwriter
https://www.rottentomatoes.com/m/spider_man_across_the_spider_verse,www.rottentomatoes.com/celebrity/dave_callaham,David Callaham,Screenwriter
https://www.rottentomatoes.com/m/spider_man_across_the_spider_verse,www.rottentomatoes.com/celebrity/christopher_miller,Chris Miller,Producer
https://www.rottentomatoes.com/m/spider_man_across_the_spider_verse,www.rottentomatoes.com/celebrity/phil_lord,Phil Lord,Producer
https://www.rottentomatoes.com/m/spider_man_across_the_spider_verse,www.rottentomatoes.com/celebrity/amypascal,Amy Pascal,Producer
https://www.rottentomatoes.com/m/spider_man_across_the_spider_verse,www.rottentomatoes.com/celebrity/avi_arad,Avi Arad,Producer
https://www.rottentomatoes.com/m/spider_man_across_the_spider_verse,www.rottentomatoes.com/celebrity/christina_steinberg,Christina Steinberg,Producer
https://www.rottentomatoes.com/m/spider_man_across_the_spider_verse,www.rottentomatoes.com/celebrity/bob_persichetti,Bob Persichetti,Executive Producer
https://www.rottentomatoes.com/m/spider_man_across_the_spider_verse,www.rottentomatoes.com/celebrity/peter_ramsey,Peter Ramsey,Executive Producer
https://www.rottentomatoes.com/m/spider_man_across_the_spider_verse,www.rottentomatoes.com/celebrity/rodney_rothman,Rodney Rothman,Executive Producer
https://www.rottentomatoes.com/m/spider_man_across_the_spider_verse,www.rottentomatoes.com/celebrity/aditya_sood,Aditya Sood,Executive Producer
https://www.rottentomatoes.com/m/spider_man_across_the_spider_verse,www.rottentomatoes.com/celebrity/rebecca_karch,Rebecca Karch,Executive Producer
https://www.rottentomatoes.com/m/spider_man_across_the_spider_verse,www.rottentomatoes.com/celebrity/brian_michael_bendis,Brian Michael Bendis,Executive Producer
https://www.rottentomatoes.com/m/spider_man_across_the_spider_verse,www.rottentomatoes.com/celebrity/daniel_pemberton_2,Daniel Pemberton,Original Music
